Name,Surname,regional center,section,license number
Marilyn,Sulland,regional center 0,section 0,20492985ol
Cyrus,Trouncer,regional center 0,section 0,79614473Zd
Damiano,Burgen,regional center 0,section 0,62850909Pd
Pat,Lascelles,regional center 0,section 0,22910477RL
Hartley,Keene,regional center 0,section 0,91533691iy
Joya,McCroary,regional center 0,section 0,14950630lv
Palmer,Mullaly,regional center 0,section 0,97823169oc
Giselle,Vizor,regional center 0,section 0,30447475qr
Melody,Amery,regional center 0,section 0,59247014AT
Konrad,Darwin,regional center 0,section 0,23033106HS